                  epoch,         train/box_loss,         train/cls_loss,         train/dfl_loss,   metrics/precision(B),      metrics/recall(B),       metrics/mAP50(B),    metrics/mAP50-95(B),           val/box_loss,           val/cls_loss,           val/dfl_loss,                 lr/pg0,                 lr/pg1,                 lr/pg2
                      1,                 1.3647,                 4.4356,                 1.2939,                0.07937,                0.22772,                0.04387,                 0.0191,                 1.7309,                 18.142,                 1.1581,                0.00024,                0.00024,                0.00024
                      2,                 1.1937,                 1.4422,                 1.0229,                 0.6102,                0.44554,                 0.4046,                0.19877,                 1.4124,                 3.2175,                 1.0299,               0.000401,               0.000401,               0.000401
                      3,                  1.144,                  1.227,                 1.0358,                0.50219,                0.45949,                0.33537,                0.17886,                 1.4064,                 2.0845,                 1.0341,             0.00045904,             0.00045904,             0.00045904
                      4,                 1.1619,                 1.0163,                 1.0474,                0.53809,                0.43564,                0.44855,                0.24951,                  1.359,                 1.2025,                  1.035,             0.00041412,             0.00041412,             0.00041412
                      5,                 1.0786,                0.82244,                 1.0331,                0.81658,                0.41584,                0.47309,                 0.2239,                 1.4512,                 1.1363,                   1.05,             0.00026624,             0.00026624,             0.00026624
